step,fruit,cls,n_tx,tree
1,81,SUCCESS,2,0
2,83,SUCCESS,3,0
3,43,SUCCESS,3,0
4,42,SUCCESS,3,0
5,106,SUCCESS,1,0
6,75,SUCCESS,3,0
7,26,SUCCESS,3,0
8,14,SUCCESS,2,0
1,27,SUCCESS,3,1
2,12,GRASP_FAILED,1,1
3,56,SUCCESS,3,1
4,51,SUCCESS,2,1
5,46,SUCCESS,3,1
6,50,SUCCESS,3,1
7,49,SUCCESS,2,1
8,32,NEIGHBOR_KNOCKED,3,1
9,99,SUCCESS,0,1
10,109,SUCCESS,3,1
11,82,SUCCESS,3,1
12,79,NEIGHBOR_KNOCKED,3,1
13,24,SUCCESS,2,1
14,15,SUCCESS,3,1
15,96,SUCCESS,3,1
16,78,NEIGHBOR_KNOCKED,3,1
17,14,SUCCESS,3,1
18,39,NEIGHBOR_KNOCKED,3,1
19,73,DEFECT,3,1
20,38,NEIGHBOR_KNOCKED,3,1
21,102,DEFECT,2,1
22,90,SUCCESS,3,1
23,106,SUCCESS,3,1
24,17,SUCCESS,3,1
25,116,SUCCESS,3,1
26,114,SUCCESS,3,1
27,112,SUCCESS,2,1
28,113,SUCCESS,0,1
29,19,SUCCESS,2,1
30,66,SUCCESS,3,1
31,29,SUCCESS,2,1
32,28,SUCCESS,1,1
1,20,SUCCESS,3,2
2,95,SUCCESS,3,2
3,44,SUCCESS,3,2
4,72,SUCCESS,3,2
5,77,SUCCESS,3,2
6,53,SUCCESS,3,2
7,71,NEIGHBOR_KNOCKED,3,2
8,15,NEIGHBOR_KNOCKED,3,2
9,70,SUCCESS,3,2
10,14,SUCCESS,3,2
11,117,SUCCESS,3,2
12,61,SUCCESS,3,2
13,80,SUCCESS,3,2
14,63,SUCCESS,3,2
15,68,SUCCESS,3,2
16,66,SUCCESS,3,2
17,48,SUCCESS,3,2
18,31,NEIGHBOR_KNOCKED,2,2
19,82,SUCCESS,3,2
20,104,SUCCESS,3,2
21,74,NEIGHBOR_KNOCKED,2,2
22,2,SUCCESS,3,2
23,94,SUCCESS,3,2
24,41,NEIGHBOR_KNOCKED,3,2
25,110,SUCCESS,3,2
26,114,SUCCESS,2,2
27,83,SUCCESS,3,2
28,6,NEIGHBOR_KNOCKED,3,2
29,10,SUCCESS,2,2
30,103,SUCCESS,3,2
31,33,SUCCESS,3,2
1,99,SUCCESS,2,3
2,98,SUCCESS,3,3
3,100,SUCCESS,3,3
4,8,SUCCESS,3,3
5,19,SUCCESS,3,3
6,61,NEIGHBOR_KNOCKED,3,3
7,37,SUCCESS,3,3
8,86,NEIGHBOR_KNOCKED,3,3
9,63,APPROACH_BLOCKED,3,3
10,36,SUCCESS,3,3
11,49,APPROACH_BLOCKED,2,3
12,90,SUCCESS,3,3
13,91,APPROACH_BLOCKED,3,3
14,65,SUCCESS,3,3
15,57,SUCCESS,3,3
16,52,SUCCESS,3,3
17,22,NEIGHBOR_KNOCKED,3,3
18,46,NEIGHBOR_KNOCKED,2,3
19,71,SUCCESS,3,3
20,15,NEIGHBOR_KNOCKED,2,3
21,12,SUCCESS,3,3
22,13,SUCCESS,2,3
23,88,SUCCESS,1,3
1,114,SUCCESS,3,4
2,115,SUCCESS,3,4
3,117,SUCCESS,3,4
4,25,NEIGHBOR_KNOCKED,3,4
5,26,NEIGHBOR_KNOCKED,2,4
6,49,APPROACH_BLOCKED,2,4
7,28,SUCCESS,3,4
8,108,SUCCESS,3,4
9,46,NEIGHBOR_KNOCKED,3,4
10,69,SUCCESS,3,4
11,17,SUCCESS,3,4
12,60,SUCCESS,2,4
13,0,SUCCESS,2,4
14,4,SUCCESS,3,4
15,43,SUCCESS,3,4
16,42,APPROACH_BLOCKED,3,4
17,21,SUCCESS,2,4
18,35,GRASP_FAILED,3,4
1,78,SUCCESS,3,5
2,79,SUCCESS,2,5
3,98,SUCCESS,3,5
4,101,SUCCESS,3,5
5,38,SUCCESS,3,5
6,44,SUCCESS,2,5
7,6,SUCCESS,1,5
8,99,APPROACH_BLOCKED,3,5
9,100,SUCCESS,2,5
10,20,APPROACH_BLOCKED,1,5
11,54,SUCCESS,3,5
12,12,SUCCESS,3,5
13,49,SUCCESS,3,5
14,94,NO_DETACH,3,5
15,9,APPROACH_BLOCKED,3,5
16,96,APPROACH_BLOCKED,3,5
17,46,SUCCESS,3,5
18,68,APPROACH_BLOCKED,3,5
19,3,APPROACH_BLOCKED,2,5
20,71,GRASP_FAILED,2,5
1,65,SUCCESS,3,6
2,43,SUCCESS,3,6
3,67,SUCCESS,1,6
4,11,SUCCESS,3,6
5,30,SUCCESS,3,6
6,103,SUCCESS,3,6
7,112,NEIGHBOR_KNOCKED,3,6
8,49,SUCCESS,3,6
9,16,SUCCESS,3,6
10,31,SUCCESS,2,6
11,41,SUCCESS,3,6
12,59,NEIGHBOR_KNOCKED,3,6
13,26,SUCCESS,2,6
14,71,SUCCESS,3,6
15,87,NEIGHBOR_KNOCKED,3,6
16,60,SUCCESS,3,6
17,53,SUCCESS,3,6
18,13,NEIGHBOR_KNOCKED,3,6
19,106,NEIGHBOR_KNOCKED,3,6
20,12,GRASP_FAILED,3,6
21,18,SUCCESS,3,6
22,85,SUCCESS,2,6
23,84,SUCCESS,2,6
24,58,NEIGHBOR_KNOCKED,2,6
1,30,SUCCESS,3,7
2,43,NEIGHBOR_KNOCKED,3,7
3,44,SUCCESS,3,7
4,5,SUCCESS,2,7
5,70,SUCCESS,3,7
6,110,APPROACH_BLOCKED,3,7
7,27,SUCCESS,3,7
8,89,SUCCESS,3,7
9,0,SUCCESS,3,7
10,38,SUCCESS,3,7
11,4,SUCCESS,3,7
12,119,SUCCESS,3,7
13,83,NEIGHBOR_KNOCKED,3,7
14,61,SUCCESS,3,7
15,36,SUCCESS,2,7
16,99,SUCCESS,3,7
17,32,SUCCESS,3,7
18,115,SUCCESS,2,7
19,21,APPROACH_BLOCKED,2,7
1,72,GRASP_FAILED,3,8
2,89,SUCCESS,3,8
3,90,SUCCESS,3,8
4,80,SUCCESS,1,8
5,111,SUCCESS,3,8
6,77,NEIGHBOR_KNOCKED,3,8
7,6,NEIGHBOR_KNOCKED,3,8
8,76,SUCCESS,3,8
9,75,SUCCESS,3,8
10,18,SUCCESS,3,8
11,116,GRASP_FAILED,3,8
12,4,SUCCESS,3,8
13,71,NEIGHBOR_KNOCKED,2,8
14,99,GRASP_FAILED,3,8
15,55,SUCCESS,3,8
16,107,NEIGHBOR_KNOCKED,3,8
17,117,SUCCESS,3,8
18,2,SUCCESS,3,8
19,108,NEIGHBOR_KNOCKED,2,8
20,106,SUCCESS,2,8
21,1,SUCCESS,3,8
22,27,SUCCESS,2,8
1,73,NEIGHBOR_KNOCKED,2,9
2,71,APPROACH_BLOCKED,3,9
3,9,SUCCESS,2,9
4,118,SUCCESS,3,9
5,38,APPROACH_BLOCKED,3,9
6,63,NEIGHBOR_KNOCKED,3,9
7,52,SUCCESS,3,9
8,64,APPROACH_BLOCKED,2,9
9,89,SUCCESS,3,9
10,45,SUCCESS,2,9
11,82,SUCCESS,3,9
12,54,SUCCESS,3,9
13,24,SUCCESS,2,9
14,43,SUCCESS,2,9
15,44,SUCCESS,1,9
1,15,SUCCESS,3,10
2,32,NEIGHBOR_KNOCKED,3,10
3,88,SUCCESS,3,10
4,38,SUCCESS,3,10
5,62,SUCCESS,3,10
6,61,NEIGHBOR_KNOCKED,3,10
7,28,SUCCESS,3,10
8,34,SUCCESS,3,10
9,27,SUCCESS,3,10
10,46,NEIGHBOR_KNOCKED,3,10
11,97,SUCCESS,3,10
12,74,SUCCESS,3,10
13,83,NEIGHBOR_KNOCKED,2,10
14,105,SUCCESS,2,10
15,81,SUCCESS,3,10
16,30,SUCCESS,3,10
17,13,SUCCESS,3,10
18,90,SUCCESS,3,10
19,11,SUCCESS,3,10
20,78,SUCCESS,3,10
21,52,APPROACH_BLOCKED,3,10
22,107,SUCCESS,3,10
23,48,NEIGHBOR_KNOCKED,3,10
24,45,SUCCESS,2,10
25,29,GRASP_FAILED,3,10
26,49,SUCCESS,3,10
1,36,SUCCESS,2,11
2,3,SUCCESS,3,11
3,66,SUCCESS,2,11
4,8,SUCCESS,3,11
5,50,NEIGHBOR_KNOCKED,3,11
6,116,SUCCESS,3,11
7,75,SUCCESS,3,11
8,11,SUCCESS,3,11
9,115,NEIGHBOR_KNOCKED,3,11
10,95,NEIGHBOR_KNOCKED,3,11
11,97,SUCCESS,2,11
12,1,SUCCESS,3,11
13,110,APPROACH_BLOCKED,2,11
14,0,SUCCESS,2,11
15,59,SUCCESS,2,11
16,42,SUCCESS,3,11
17,43,SUCCESS,2,11
18,37,APPROACH_BLOCKED,3,11
19,17,APPROACH_BLOCKED,3,11
20,13,SUCCESS,1,11
21,21,GRASP_FAILED,3,11
22,31,NEIGHBOR_KNOCKED,3,11
23,32,SUCCESS,3,11
24,84,SUCCESS,3,11
25,6,NEIGHBOR_KNOCKED,3,11
26,7,SUCCESS,3,11
27,54,SUCCESS,2,11
28,2,SUCCESS,3,11
29,106,NEIGHBOR_KNOCKED,1,11
30,14,SUCCESS,2,11
31,16,SUCCESS,1,11
32,81,SUCCESS,2,11
1,108,SUCCESS,3,12
2,109,SUCCESS,3,12
3,42,SUCCESS,3,12
4,44,SUCCESS,2,12
5,57,NEIGHBOR_KNOCKED,3,12
6,59,APPROACH_BLOCKED,3,12
7,79,SUCCESS,3,12
8,78,GRASP_FAILED,3,12
9,55,SUCCESS,1,12
10,113,SUCCESS,3,12
11,61,SUCCESS,3,12
12,77,SUCCESS,3,12
13,91,SUCCESS,3,12
14,83,SUCCESS,3,12
15,111,SUCCESS,3,12
16,20,SUCCESS,3,12
17,118,SUCCESS,2,12
18,21,NEIGHBOR_KNOCKED,3,12
19,22,SUCCESS,3,12
20,6,SUCCESS,0,12
21,39,SUCCESS,3,12
22,8,SUCCESS,3,12
23,26,SUCCESS,2,12
24,63,NEIGHBOR_KNOCKED,1,12
25,64,SUCCESS,3,12
26,65,SUCCESS,2,12
1,16,SUCCESS,1,13
2,31,SUCCESS,3,13
3,34,SUCCESS,2,13
4,66,NEIGHBOR_KNOCKED,3,13
5,80,SUCCESS,3,13
6,113,APPROACH_BLOCKED,3,13
7,90,APPROACH_BLOCKED,3,13
8,39,SUCCESS,3,13
9,3,SUCCESS,3,13
10,117,SUCCESS,3,13
11,62,SUCCESS,2,13
1,32,SUCCESS,2,14
2,71,SUCCESS,1,14
3,44,SUCCESS,3,14
4,117,SUCCESS,3,14
5,89,SUCCESS,3,14
6,39,SUCCESS,1,14
7,24,GRASP_FAILED,3,14
8,36,SUCCESS,3,14
9,35,SUCCESS,1,14
10,1,SUCCESS,1,14
11,20,SUCCESS,3,14
12,18,SUCCESS,3,14
13,87,SUCCESS,3,14
14,62,SUCCESS,2,14
15,61,SUCCESS,2,14
1,38,SUCCESS,3,15
2,69,SUCCESS,2,15
3,12,SUCCESS,2,15
4,99,SUCCESS,3,15
5,89,SUCCESS,3,15
6,113,SUCCESS,3,15
7,39,APPROACH_BLOCKED,3,15
8,6,SUCCESS,2,15
9,28,SUCCESS,3,15
10,88,SUCCESS,3,15
11,77,NEIGHBOR_KNOCKED,3,15
12,78,SUCCESS,3,15
13,33,SUCCESS,2,15
14,10,SUCCESS,3,15
15,97,SUCCESS,2,15
16,47,SUCCESS,3,15
17,96,SUCCESS,2,15
18,60,SUCCESS,3,15
19,14,SUCCESS,3,15
20,61,SUCCESS,3,15
21,22,NEIGHBOR_KNOCKED,3,15
22,20,SUCCESS,3,15
23,109,SUCCESS,3,15
24,30,APPROACH_BLOCKED,2,15
25,111,SUCCESS,2,15
1,59,SUCCESS,2,16
2,15,NEIGHBOR_KNOCKED,1,16
3,14,SUCCESS,1,16
4,113,SUCCESS,2,16
5,49,SUCCESS,3,16
6,99,NEIGHBOR_KNOCKED,3,16
7,8,SUCCESS,3,16
8,7,SUCCESS,3,16
9,54,SUCCESS,3,16
10,3,SUCCESS,3,16
11,19,SUCCESS,3,16
12,9,GRASP_FAILED,3,16
13,74,SUCCESS,2,16
14,111,SUCCESS,3,16
1,77,SUCCESS,3,17
2,95,SUCCESS,3,17
3,94,NO_DETACH,2,17
4,106,SUCCESS,3,17
5,33,SUCCESS,3,17
6,114,NEIGHBOR_KNOCKED,3,17
7,107,SUCCESS,3,17
8,112,GRASP_FAILED,3,17
9,8,SUCCESS,1,17
10,60,SUCCESS,3,17
11,11,SUCCESS,1,17
12,93,SUCCESS,3,17
13,110,APPROACH_BLOCKED,3,17
14,3,APPROACH_BLOCKED,3,17
15,85,NEIGHBOR_KNOCKED,3,17
16,64,NEIGHBOR_KNOCKED,1,17
1,11,SUCCESS,2,18
2,47,NEIGHBOR_KNOCKED,1,18
3,118,SUCCESS,3,18
4,101,NEIGHBOR_KNOCKED,3,18
5,77,SUCCESS,2,18
6,103,APPROACH_BLOCKED,3,18
7,107,SUCCESS,3,18
8,5,SUCCESS,3,18
9,59,NEIGHBOR_KNOCKED,3,18
10,46,SUCCESS,3,18
11,60,SUCCESS,3,18
12,3,SUCCESS,3,18
13,27,NEIGHBOR_KNOCKED,3,18
14,41,SUCCESS,3,18
15,110,SUCCESS,3,18
16,28,SUCCESS,3,18
17,58,NEIGHBOR_KNOCKED,3,18
18,86,SUCCESS,1,18
19,56,SUCCESS,3,18
20,29,SUCCESS,3,18
21,34,NEIGHBOR_KNOCKED,3,18
22,24,SUCCESS,3,18
23,116,NEIGHBOR_KNOCKED,3,18
24,25,SUCCESS,3,18
25,92,SUCCESS,3,18
26,33,NEIGHBOR_KNOCKED,3,18
27,81,SUCCESS,3,18
28,17,SUCCESS,2,18
1,103,SUCCESS,3,19
2,92,SUCCESS,3,19
3,15,NEIGHBOR_KNOCKED,3,19
4,26,SUCCESS,3,19
5,16,SUCCESS,3,19
6,67,SUCCESS,3,19
7,28,SUCCESS,3,19
8,79,SUCCESS,3,19
9,88,SUCCESS,3,19
10,30,NEIGHBOR_KNOCKED,3,19
11,53,SUCCESS,3,19
12,80,SUCCESS,3,19
13,52,SUCCESS,2,19
14,86,SUCCESS,3,19
15,85,SUCCESS,3,19
16,57,SUCCESS,3,19
17,70,SUCCESS,3,19
18,39,SUCCESS,3,19
19,113,SUCCESS,3,19
20,112,SUCCESS,1,19
1,86,NEIGHBOR_KNOCKED,3,20
2,104,SUCCESS,3,20
3,11,SUCCESS,3,20
4,0,APPROACH_BLOCKED,3,20
5,119,GRASP_FAILED,3,20
6,82,SUCCESS,3,20
7,99,SUCCESS,3,20
8,63,SUCCESS,3,20
9,15,NEIGHBOR_KNOCKED,3,20
10,64,APPROACH_BLOCKED,3,20
11,113,NEIGHBOR_KNOCKED,3,20
12,35,SUCCESS,3,20
13,111,NEIGHBOR_KNOCKED,3,20
14,112,SUCCESS,2,20
15,68,SUCCESS,3,20
16,38,SUCCESS,3,20
17,87,NEIGHBOR_KNOCKED,2,20
18,52,SUCCESS,3,20
19,89,NEIGHBOR_KNOCKED,1,20
20,36,SUCCESS,3,20
21,51,APPROACH_BLOCKED,3,20
22,28,SUCCESS,2,20
23,100,NEIGHBOR_KNOCKED,3,20
24,8,SUCCESS,3,20
25,40,SUCCESS,2,20
26,48,APPROACH_BLOCKED,3,20
27,55,SUCCESS,3,20
28,80,APPROACH_BLOCKED,3,20
29,54,SUCCESS,1,20
1,44,SUCCESS,3,21
2,111,SUCCESS,3,21
3,48,SUCCESS,3,21
4,93,SUCCESS,2,21
5,92,SUCCESS,1,21
6,28,SUCCESS,3,21
7,115,SUCCESS,2,21
8,32,NEIGHBOR_KNOCKED,3,21
9,101,NEIGHBOR_KNOCKED,3,21
10,108,SUCCESS,3,21
11,58,NEIGHBOR_KNOCKED,3,21
12,104,SUCCESS,3,21
13,79,NEIGHBOR_KNOCKED,3,21
14,62,APPROACH_BLOCKED,3,21
15,20,SUCCESS,2,21
16,82,NEIGHBOR_KNOCKED,3,21
17,90,SUCCESS,3,21
18,83,SUCCESS,3,21
19,15,SUCCESS,3,21
20,72,SUCCESS,3,21
1,10,GRASP_FAILED,3,22
2,9,SUCCESS,3,22
3,100,GRASP_FAILED,3,22
4,87,NEIGHBOR_KNOCKED,3,22
5,3,SUCCESS,3,22
6,93,SUCCESS,3,22
7,21,SUCCESS,2,22
8,60,NEIGHBOR_KNOCKED,3,22
9,44,APPROACH_BLOCKED,1,22
10,106,GRASP_FAILED,3,22
11,62,NEIGHBOR_KNOCKED,3,22
12,78,SUCCESS,2,22
13,19,NEIGHBOR_KNOCKED,3,22
14,20,SUCCESS,1,22
15,108,SUCCESS,3,22
16,105,APPROACH_BLOCKED,3,22
17,112,SUCCESS,2,22
18,54,SUCCESS,2,22
19,68,NEIGHBOR_KNOCKED,3,22
20,72,SUCCESS,3,22
21,117,SUCCESS,1,22
22,12,SUCCESS,3,22
23,94,NO_DETACH,3,22
24,11,SUCCESS,3,22
25,85,SUCCESS,3,22
1,91,SUCCESS,3,23
2,76,SUCCESS,3,23
3,69,SUCCESS,3,23
4,102,SUCCESS,1,23
5,82,SUCCESS,3,23
6,66,NEIGHBOR_KNOCKED,3,23
7,38,SUCCESS,3,23
8,67,SUCCESS,3,23
9,97,SUCCESS,3,23
10,12,APPROACH_BLOCKED,3,23
11,96,NEIGHBOR_KNOCKED,3,23
12,85,APPROACH_BLOCKED,3,23
13,78,SUCCESS,3,23
14,54,DEFECT,3,23
15,74,SUCCESS,3,23
16,52,SUCCESS,1,23
17,118,APPROACH_BLOCKED,1,23
18,25,SUCCESS,2,23
19,70,SUCCESS,3,23
1,92,SUCCESS,1,24
2,68,APPROACH_BLOCKED,3,24
3,2,SUCCESS,1,24
4,5,SUCCESS,3,24
5,16,NEIGHBOR_KNOCKED,3,24
6,4,NEIGHBOR_KNOCKED,3,24
7,51,SUCCESS,1,24
8,64,SUCCESS,3,24
9,86,SUCCESS,3,24
10,71,GRASP_FAILED,3,24
11,84,SUCCESS,3,24
12,83,SUCCESS,3,24
13,18,SUCCESS,3,24
14,89,NEIGHBOR_KNOCKED,3,24
15,96,SUCCESS,3,24
16,105,SUCCESS,3,24
17,108,NEIGHBOR_KNOCKED,2,24
18,107,SUCCESS,2,24
19,63,SUCCESS,3,24
20,54,DEFECT,3,24
21,43,NEIGHBOR_KNOCKED,1,24
22,25,SUCCESS,2,24
23,33,SUCCESS,3,24
1,61,APPROACH_BLOCKED,2,25
2,40,SUCCESS,1,25
3,94,SUCCESS,2,25
4,16,SUCCESS,1,25
5,59,NEIGHBOR_KNOCKED,3,25
6,58,SUCCESS,2,25
7,81,SUCCESS,1,25
8,70,SUCCESS,3,25
9,90,NEIGHBOR_KNOCKED,3,25
10,92,SUCCESS,3,25
11,91,APPROACH_BLOCKED,3,25
12,115,SUCCESS,3,25
13,104,SUCCESS,3,25
14,116,SUCCESS,3,25
15,20,APPROACH_BLOCKED,3,25
16,33,SUCCESS,2,25
17,32,SUCCESS,3,25
18,22,SUCCESS,3,25
19,46,NEIGHBOR_KNOCKED,3,25
20,23,SUCCESS,3,25
21,5,SUCCESS,2,25
22,3,APPROACH_BLOCKED,3,25
23,10,NEIGHBOR_KNOCKED,3,25
24,48,SUCCESS,3,25
25,9,SUCCESS,3,25
26,11,SUCCESS,2,25
27,43,APPROACH_BLOCKED,2,25
28,53,SUCCESS,2,25
1,103,NEIGHBOR_KNOCKED,3,26
2,102,SUCCESS,3,26
3,99,NEIGHBOR_KNOCKED,3,26
4,82,SUCCESS,3,26
5,13,NEIGHBOR_KNOCKED,2,26
6,62,SUCCESS,3,26
7,63,NEIGHBOR_KNOCKED,2,26
8,61,SUCCESS,1,26
9,74,NEIGHBOR_KNOCKED,3,26
10,71,SUCCESS,3,26
11,58,SUCCESS,3,26
12,43,SUCCESS,0,26
13,66,SUCCESS,3,26
14,50,APPROACH_BLOCKED,3,26
15,7,SUCCESS,3,26
16,8,NEIGHBOR_KNOCKED,2,26
17,118,SUCCESS,2,26
18,91,APPROACH_BLOCKED,1,26
19,78,SUCCESS,3,26
20,85,SUCCESS,2,26
21,23,SUCCESS,2,26
22,83,SUCCESS,3,26
23,47,APPROACH_BLOCKED,3,26
1,61,NEIGHBOR_KNOCKED,1,27
2,77,SUCCESS,3,27
3,23,SUCCESS,3,27
4,22,SUCCESS,1,27
5,36,GRASP_FAILED,3,27
6,87,SUCCESS,3,27
7,102,SUCCESS,3,27
8,16,SUCCESS,2,27
9,96,NEIGHBOR_KNOCKED,3,27
10,17,NEIGHBOR_KNOCKED,3,27
11,83,SUCCESS,3,27
12,107,NEIGHBOR_KNOCKED,2,27
13,84,SUCCESS,2,27
14,103,SUCCESS,3,27
15,94,NO_DETACH,3,27
16,6,SUCCESS,1,27
17,88,SUCCESS,2,27
18,52,SUCCESS,3,27
19,11,SUCCESS,3,27
20,114,SUCCESS,3,27
21,106,SUCCESS,2,27
22,25,SUCCESS,3,27
23,27,APPROACH_BLOCKED,3,27
24,119,SUCCESS,3,27
25,51,SUCCESS,1,27
26,93,SUCCESS,3,27
27,92,NEIGHBOR_KNOCKED,1,27
28,4,GRASP_FAILED,2,27
29,118,SUCCESS,1,27
30,19,NEIGHBOR_KNOCKED,3,27
31,18,APPROACH_BLOCKED,3,27
1,30,NEIGHBOR_KNOCKED,2,28
2,28,SUCCESS,1,28
3,29,SUCCESS,0,28
4,98,SUCCESS,3,28
5,84,SUCCESS,3,28
6,41,NEIGHBOR_KNOCKED,2,28
7,85,SUCCESS,1,28
8,83,SUCCESS,1,28
9,108,SUCCESS,3,28
10,115,SUCCESS,3,28
11,113,GRASP_FAILED,2,28
12,34,GRASP_FAILED,3,28
13,33,SUCCESS,3,28
14,49,SUCCESS,3,28
15,71,SUCCESS,3,28
16,9,SUCCESS,2,28
17,16,GRASP_FAILED,3,28
18,22,APPROACH_BLOCKED,3,28
19,76,SUCCESS,2,28
20,4,SUCCESS,3,28
21,77,GRASP_FAILED,3,28
1,89,SUCCESS,1,29
2,60,SUCCESS,3,29
3,44,GRASP_FAILED,3,29
4,54,SUCCESS,3,29
5,55,NEIGHBOR_KNOCKED,3,29
6,76,SUCCESS,2,29
7,103,SUCCESS,2,29
8,73,SUCCESS,2,29
9,72,SUCCESS,3,29
10,16,NEIGHBOR_KNOCKED,3,29
11,31,SUCCESS,2,29
12,14,APPROACH_BLOCKED,2,29
13,110,SUCCESS,3,29
14,93,SUCCESS,3,29
15,77,GRASP_FAILED,2,29
16,29,SUCCESS,2,29
17,115,SUCCESS,3,29
18,0,SUCCESS,3,29
19,114,SUCCESS,3,29
20,111,GRASP_FAILED,2,29
1,41,GRASP_FAILED,1,30
2,96,SUCCESS,3,30
3,115,SUCCESS,3,30
4,29,NEIGHBOR_KNOCKED,3,30
5,30,APPROACH_BLOCKED,3,30
6,106,SUCCESS,3,30
7,65,SUCCESS,3,30
8,64,SUCCESS,3,30
9,68,SUCCESS,3,30
10,8,SUCCESS,2,30
11,26,SUCCESS,3,30
12,48,APPROACH_BLOCKED,3,30
13,66,SUCCESS,3,30
14,10,NEIGHBOR_KNOCKED,3,30
15,11,NEIGHBOR_KNOCKED,3,30
16,101,SUCCESS,1,30
17,35,SUCCESS,1,30
18,73,SUCCESS,1,30
19,32,SUCCESS,3,30
20,23,SUCCESS,3,30
21,55,APPROACH_BLOCKED,3,30
1,12,SUCCESS,3,31
2,16,NEIGHBOR_KNOCKED,3,31
3,15,NEIGHBOR_KNOCKED,3,31
4,14,NEIGHBOR_KNOCKED,3,31
5,90,SUCCESS,3,31
6,89,SUCCESS,3,31
7,101,APPROACH_BLOCKED,3,31
8,24,NEIGHBOR_KNOCKED,3,31
9,22,SUCCESS,1,31
10,110,NEIGHBOR_KNOCKED,3,31
11,73,SUCCESS,3,31
12,87,SUCCESS,2,31
13,33,NEIGHBOR_KNOCKED,3,31
14,98,SUCCESS,3,31
15,82,SUCCESS,2,31
16,83,NEIGHBOR_KNOCKED,3,31
17,91,SUCCESS,1,31
18,26,SUCCESS,3,31
19,71,SUCCESS,2,31
20,35,SUCCESS,2,31
1,74,SUCCESS,3,32
2,28,SUCCESS,2,32
3,58,SUCCESS,2,32
4,46,GRASP_FAILED,3,32
5,13,SUCCESS,3,32
6,31,NEIGHBOR_KNOCKED,3,32
7,23,NEIGHBOR_KNOCKED,3,32
8,69,SUCCESS,3,32
9,11,NEIGHBOR_KNOCKED,3,32
10,79,SUCCESS,3,32
11,80,SUCCESS,3,32
12,34,NEIGHBOR_KNOCKED,3,32
13,49,SUCCESS,3,32
14,51,NEIGHBOR_KNOCKED,2,32
15,70,SUCCESS,1,32
16,0,SUCCESS,3,32
17,1,SUCCESS,3,32
18,38,SUCCESS,1,32
19,73,SUCCESS,3,32
20,72,SUCCESS,3,32
21,7,APPROACH_BLOCKED,2,32
22,54,NEIGHBOR_KNOCKED,3,32
23,52,SUCCESS,2,32
24,20,SUCCESS,3,32
25,17,SUCCESS,3,32
26,56,NEIGHBOR_KNOCKED,1,32
1,48,SUCCESS,3,34
2,43,SUCCESS,3,34
3,13,NEIGHBOR_KNOCKED,2,34
4,20,SUCCESS,3,34
5,98,NEIGHBOR_KNOCKED,3,34
6,97,SUCCESS,3,34
7,14,SUCCESS,3,34
8,106,SUCCESS,3,34
9,5,SUCCESS,1,34
10,4,SUCCESS,1,34
11,32,SUCCESS,2,34
12,72,SUCCESS,3,34
13,40,SUCCESS,3,34
14,37,SUCCESS,3,34
15,18,NEIGHBOR_KNOCKED,3,34
16,38,SUCCESS,3,34
17,39,SUCCESS,3,34
1,112,NEIGHBOR_KNOCKED,3,36
2,39,NEIGHBOR_KNOCKED,1,36
3,69,SUCCESS,1,36
4,6,NEIGHBOR_KNOCKED,3,36
5,5,SUCCESS,3,36
6,56,SUCCESS,3,36
7,89,SUCCESS,3,36
8,43,SUCCESS,3,36
9,90,NEIGHBOR_KNOCKED,2,36
10,91,SUCCESS,2,36
11,26,NEIGHBOR_KNOCKED,3,36
12,65,NEIGHBOR_KNOCKED,3,36
13,27,SUCCESS,2,36
14,78,SUCCESS,2,36
15,20,SUCCESS,3,36
16,2,SUCCESS,1,36
17,67,SUCCESS,1,36
18,81,SUCCESS,3,36
1,72,SUCCESS,3,37
2,88,SUCCESS,2,37
3,92,SUCCESS,3,37
4,32,SUCCESS,3,37
5,98,SUCCESS,3,37
6,80,NEIGHBOR_KNOCKED,1,37
7,97,NEIGHBOR_KNOCKED,3,37
8,112,SUCCESS,1,37
9,60,GRASP_FAILED,3,37
10,67,SUCCESS,3,37
11,71,SUCCESS,1,37
12,109,SUCCESS,2,37
13,69,NEIGHBOR_KNOCKED,3,37
14,117,SUCCESS,1,37
15,91,SUCCESS,3,37
16,6,NEIGHBOR_KNOCKED,3,37
17,4,APPROACH_BLOCKED,3,37
18,78,SUCCESS,1,37
19,36,SUCCESS,3,37
1,56,NEIGHBOR_KNOCKED,3,38
2,95,SUCCESS,3,38
3,81,NEIGHBOR_KNOCKED,3,38
4,64,SUCCESS,3,38
5,112,NEIGHBOR_KNOCKED,2,38
6,85,NEIGHBOR_KNOCKED,3,38
7,86,APPROACH_BLOCKED,3,38
8,35,SUCCESS,3,38
9,83,NEIGHBOR_KNOCKED,3,38
10,7,NEIGHBOR_KNOCKED,3,38
11,19,SUCCESS,3,38
1,115,NEIGHBOR_KNOCKED,3,39
2,95,SUCCESS,2,39
3,116,SUCCESS,1,39
4,3,SUCCESS,3,39
5,4,SUCCESS,3,39
6,60,SUCCESS,1,39
7,52,SUCCESS,3,39
8,79,NEIGHBOR_KNOCKED,3,39
9,34,SUCCESS,2,39
10,35,SUCCESS,2,39
11,24,NEIGHBOR_KNOCKED,3,39
12,76,APPROACH_BLOCKED,3,39
13,56,SUCCESS,3,39
14,39,APPROACH_BLOCKED,3,39
15,58,SUCCESS,2,39
16,55,SUCCESS,2,39
17,0,SUCCESS,1,39
18,53,SUCCESS,3,39
19,68,NEIGHBOR_KNOCKED,3,39
20,41,NEIGHBOR_KNOCKED,3,39
21,42,APPROACH_BLOCKED,2,39
22,94,SUCCESS,2,39
23,25,SUCCESS,3,39
24,81,SUCCESS,1,39
25,82,SUCCESS,0,39
26,19,SUCCESS,2,39
27,99,SUCCESS,2,39
28,29,SUCCESS,3,39
29,30,SUCCESS,1,39
30,71,APPROACH_BLOCKED,2,39
1,54,NEIGHBOR_KNOCKED,3,40
2,99,SUCCESS,1,40
3,74,SUCCESS,3,40
4,11,SUCCESS,3,40
5,116,SUCCESS,1,40
6,84,SUCCESS,3,40
7,89,NEIGHBOR_KNOCKED,3,40
8,97,SUCCESS,2,40
9,111,SUCCESS,2,40
10,91,SUCCESS,3,40
11,6,APPROACH_BLOCKED,3,40
12,36,SUCCESS,3,40
13,35,SUCCESS,3,40
14,39,SUCCESS,3,40
15,9,NEIGHBOR_KNOCKED,1,40
16,24,NEIGHBOR_KNOCKED,3,40
17,51,SUCCESS,2,40
18,23,SUCCESS,1,40
19,0,SUCCESS,2,40
1,101,NEIGHBOR_KNOCKED,3,41
2,29,SUCCESS,3,41
3,51,SUCCESS,2,41
4,53,NEIGHBOR_KNOCKED,3,41
5,108,NEIGHBOR_KNOCKED,1,41
6,68,NEIGHBOR_KNOCKED,3,41
7,115,SUCCESS,2,41
8,88,NEIGHBOR_KNOCKED,3,41
9,1,SUCCESS,3,41
10,0,SUCCESS,3,41
11,78,SUCCESS,1,41
12,10,SUCCESS,3,41
13,50,NEIGHBOR_KNOCKED,2,41
14,38,SUCCESS,3,41
15,48,SUCCESS,1,41
16,35,SUCCESS,3,41
17,33,SUCCESS,3,41
1,2,APPROACH_BLOCKED,3,42
2,4,NEIGHBOR_KNOCKED,2,42
3,3,APPROACH_BLOCKED,2,42
4,107,NEIGHBOR_KNOCKED,1,42
5,87,SUCCESS,3,42
6,103,SUCCESS,3,42
7,27,NEIGHBOR_KNOCKED,3,42
8,61,SUCCESS,3,42
9,8,SUCCESS,3,42
10,25,SUCCESS,1,42
11,112,SUCCESS,2,42
12,113,SUCCESS,2,42
13,10,SUCCESS,2,42
14,57,NEIGHBOR_KNOCKED,3,42
15,15,SUCCESS,3,42
16,119,SUCCESS,3,42
17,37,SUCCESS,2,42
18,51,SUCCESS,3,42
19,73,SUCCESS,2,42
20,109,SUCCESS,1,42
21,40,NEIGHBOR_KNOCKED,1,42
22,17,SUCCESS,3,42
23,39,SUCCESS,0,42
24,18,GRASP_FAILED,3,42
25,118,SUCCESS,3,42
26,114,NEIGHBOR_KNOCKED,3,42
27,117,SUCCESS,2,42
28,91,SUCCESS,3,42
29,67,SUCCESS,2,42
1,84,SUCCESS,3,43
2,113,NEIGHBOR_KNOCKED,3,43
3,64,SUCCESS,2,43
4,112,SUCCESS,1,43
5,55,GRASP_FAILED,2,43
6,54,NEIGHBOR_KNOCKED,3,43
7,38,SUCCESS,2,43
8,21,SUCCESS,3,43
9,67,SUCCESS,3,43
10,105,SUCCESS,3,43
11,107,SUCCESS,2,43
12,106,DEFECT,1,43
13,98,SUCCESS,3,43
14,32,NEIGHBOR_KNOCKED,3,43
15,24,NEIGHBOR_KNOCKED,3,43
16,26,SUCCESS,2,43
17,25,SUCCESS,2,43
18,37,SUCCESS,1,43
19,23,SUCCESS,3,43
20,101,NEIGHBOR_KNOCKED,3,43
21,15,SUCCESS,2,43
22,10,NEIGHBOR_KNOCKED,2,43
23,93,SUCCESS,2,43
1,70,SUCCESS,3,44
2,69,SUCCESS,2,44
3,31,SUCCESS,3,44
4,59,NEIGHBOR_KNOCKED,3,44
5,104,APPROACH_BLOCKED,3,44
6,0,SUCCESS,2,44
7,14,SUCCESS,3,44
8,83,SUCCESS,3,44
9,43,SUCCESS,2,44
10,117,SUCCESS,3,44
11,17,SUCCESS,3,44
12,56,NEIGHBOR_KNOCKED,3,44
13,95,SUCCESS,3,44
14,5,SUCCESS,3,44
15,53,SUCCESS,2,44
16,9,APPROACH_BLOCKED,3,44
17,21,SUCCESS,2,44
18,84,APPROACH_BLOCKED,3,44
19,50,SUCCESS,2,44
1,4,SUCCESS,3,45
2,76,SUCCESS,3,45
3,80,NO_DETACH,3,45
4,101,NEIGHBOR_KNOCKED,2,45
5,72,APPROACH_BLOCKED,3,45
6,98,SUCCESS,3,45
7,67,SUCCESS,3,45
8,60,SUCCESS,3,45
9,68,SUCCESS,3,45
10,0,SUCCESS,3,45
11,42,SUCCESS,2,45
12,44,NEIGHBOR_KNOCKED,3,45
13,93,SUCCESS,3,45
14,94,NEIGHBOR_KNOCKED,2,45
15,51,SUCCESS,2,45
16,41,SUCCESS,1,45
17,97,SUCCESS,3,45
1,79,SUCCESS,3,46
2,80,SUCCESS,3,46
3,32,SUCCESS,2,46
4,98,SUCCESS,3,46
5,97,SUCCESS,3,46
6,21,SUCCESS,3,46
7,113,SUCCESS,3,46
8,8,SUCCESS,3,46
9,107,APPROACH_BLOCKED,3,46
10,108,SUCCESS,3,46
11,39,SUCCESS,3,46
12,67,NEIGHBOR_KNOCKED,3,46
13,104,SUCCESS,3,46
14,17,SUCCESS,3,46
15,90,SUCCESS,3,46
16,88,GRASP_FAILED,3,46
17,62,NEIGHBOR_KNOCKED,3,46
18,117,SUCCESS,2,46
19,53,SUCCESS,3,46
20,118,SUCCESS,2,46
21,110,DEFECT,3,46
1,79,NEIGHBOR_KNOCKED,2,47
2,53,NEIGHBOR_KNOCKED,3,47
3,8,SUCCESS,3,47
4,95,SUCCESS,3,47
5,52,SUCCESS,2,47
6,9,SUCCESS,3,47
7,103,SUCCESS,1,47
8,71,NEIGHBOR_KNOCKED,3,47
9,72,NEIGHBOR_KNOCKED,3,47
10,94,NO_DETACH,3,47
11,60,SUCCESS,3,47
12,30,SUCCESS,3,47
13,13,SUCCESS,3,47
14,29,SUCCESS,3,47
15,46,SUCCESS,1,47
16,1,SUCCESS,3,47
17,108,NEIGHBOR_KNOCKED,3,47
18,86,SUCCESS,2,47
19,80,SUCCESS,3,47
20,47,NEIGHBOR_KNOCKED,3,47
21,35,SUCCESS,1,47
1,44,SUCCESS,3,48
2,66,SUCCESS,3,48
3,60,SUCCESS,3,48
4,50,NEIGHBOR_KNOCKED,3,48
5,51,SUCCESS,3,48
6,2,NEIGHBOR_KNOCKED,3,48
7,3,SUCCESS,3,48
8,92,SUCCESS,3,48
9,16,SUCCESS,3,48
10,94,SUCCESS,3,48
11,93,SUCCESS,3,48
12,40,SUCCESS,3,48
13,114,APPROACH_BLOCKED,3,48
14,81,SUCCESS,2,48
15,98,SUCCESS,1,48
16,9,SUCCESS,3,48
1,8,SUCCESS,2,49
2,20,SUCCESS,2,49
3,15,SUCCESS,3,49
4,70,SUCCESS,3,49
5,6,SUCCESS,3,49
6,84,SUCCESS,3,49
7,117,NEIGHBOR_KNOCKED,3,49
8,45,SUCCESS,2,49
9,33,SUCCESS,3,49
10,86,NEIGHBOR_KNOCKED,2,49
11,47,SUCCESS,3,49
